event,priority,window,aso_5to3,length,tm_c,gc_pct,hairpin
E1,high,E1_acceptor,GCTAAAGAGCAAGAGAGA,18,61.7,44.4,0
E1,high,E1_acceptor,AAGAGCAAGAGAGACAAG,18,62.0,44.4,0
E1,high,E1_donor,CCTTGCCACTCTCATACC,18,65.6,55.6,0
E1,high,E1_donor,TTGCCACTCTCATACCCGAA,20,69.4,50.0,0
E2,medium,E2_acceptor,GAGAAGAGCATCAGAACT,18,61.7,44.4,0
E2,medium,E2_acceptor,AGAGCATCAGAACTTGGA,18,63.4,44.4,0
E2,medium,E2_donor,CGAAGGTCCATACCCAAG,18,65.6,55.6,0
E2,medium,E2_donor,TTCTCGAAGGTCCATACC,18,63.8,50.0,4
E3,medium,E3_acceptor,GTGGGAAGAAAGACAATA,18,59.5,38.9,0
E3,medium,E3_acceptor,CTGGTGGGAAGAAAGACAAT,20,66.2,45.0,0
E3,medium,E3_donor,ATGTGCCCTCCACCTGTTAC,20,70.7,55.0,0
E3,medium,E3_donor,TGCCCTCCACCTGTTACC,18,69.7,61.1,0
E4,low,E4_acceptor,GAGAAGAGCATCAGAACT,18,61.7,44.4,0
E4,low,E4_acceptor,AGAGCATCAGAACTTGGA,18,63.4,44.4,0
E4,low,E4_donor,CGAAGGTCCATACCCAAG,18,65.6,55.6,0
E4,low,E4_donor,TTCTCGAAGGTCCATACC,18,63.8,50.0,4
